id,label
62,Row 62
61,Row 61
60,Row 60
59,Row 59
58,Row 58
57,Row 57
56,Row 56
55,Row 55
54,Row 54
53,Row 53
52,Row 52
51,Row 51
50,Row 50
49,Row 49
48,Row 48
47,Row 47
46,Row 46
45,Row 45
44,Row 44
43,Row 43
42,Row 42
41,Row 41
40,Row 40
39,Row 39
38,Row 38
37,Row 37
36,Row 36
35,Row 35
34,Row 34
33,Row 33
32,Row 32
31,Row 31
30,Row 30
29,Row 29
28,Row 28
27,Row 27
26,Row 26
25,Row 25
24,Row 24
23,Row 23
22,Row 22
21,Row 21
20,Row 20
19,Row 19
18,Row 18
17,Row 17
16,Row 16
15,Row 15
14,Row 14
13,Row 13
12,Row 12
11,Row 11
10,Row 10
9,Row 9
8,Row 8
7,Row 7
6,Row 6
5,Row 5
4,Row 4
3,Row 3
2,Row 2
1,Row 1
